url,site,title,snippet,filter_verdict,snippet_hits,body_token_hits,auto_judgement,body_excerpt_500,manual_label
https://clien.net/service,clien.net,클리앙,모두의 커뮤니티 클리앙,excluded,,,,바다풍경 항해사 시점의 바다 사진들 입니다 3 06-11 처음본 전기자동차 처음본 전기자동차 찾아보니 배터리가 에반게리온 급입니다. 100킬로... 4 06-11 레노버 ThinkCentre Nano M75n 미국 이베이에서 직구한 레노버 씽크센터 나노 M75n 입니다. (한국에서도 팔리긴 했는데 매물이 별로 없어서 미국 직구함) 2020년 2 06-10 예쁜 제주 바다예요 제주도는 정말 언제가도 좋은 것 같아요 이번엔 성산 쪽으로 가는 해안길을 갔는데 바다가 너무 이뻐서 몇번이나 차를 멈췄네요 2 06-10 원기회복용 낙지 미나리 갑오징어 와이프가 만든 원기회복용 낙지·미나리·갑오징어 요리입니다. 요즘 아이들이 공부 챙기느라 많이 힘들어하는 모습에 와이프가 가 2 06-09 황석산(함양군) 쨍한 날 보단 적당히 구름낀 흐린날이 산행하긴 좋습니다. 마지막 오디는 정말 오랜만에 먹어 봅니다. ㅋ 06-09,
https://clien.net/service/board/cm_bike/18368014,clien.net,림돌이 하나 추천 부탁 드립니다. : 클리앙,700c 휠(QR/TA )과 브롬톤 휠 가끔 트루잉 하고 어쩌면 빌드도 할 지 모르겠습니다. 찾아보니 파크툴 TS-2.3이 무난한 선택 같은데 가끔 쓰는데 투자하기에는 조금 비싸더라고요. 파크툴보다 저렴한 제품 중에서 쓸만한 제품이 ...,excluded,,,,"@JaGer님 추천 감사드립니다. 여기서 크로우풋 렌치 구입한것 있는데 만듦새는 좀 그렇더군요. 제품 평이 갈리는걸 보면 품질 편차가 큰 제품인가 봅니다. 그래도 가격이 깡패라고 좀 끌리기도 하네요. 어떤게 걸릴 지는 기도를 열심히 해야겠지만요. bulb LINK #144893125 IP 117.♡.11.195 23-10-16 2023-10-16 22:49:09 · 저렴해도 작업은 할 수 있긴한데 (알려진 것 중에선 미노우라 ft-1 정도) 싼 값을 하는것 같습니다. 센터 정렬이라든가 고정문제에서…좀 덜렁여서 애를 먹기는 하고요. 중국산은 써보니 그럴듯해 보여도 전혀 추천드리기 힘든 것 같습니다. 알미늄 cnc로 만들어진것도 겉보기만 그럴듯하지 실제론 상당히 헐렁합니다. 튼튼한 트루잉 스탠드를 써도 결국 섬세한 작업이 되니까, 조금 헐렁하다고 작업을 못하는건 아니겠습니다만… 다시 그 공구를 쓰겠다는 의욕이 확 사라지더라고요. 일전에 파크툴을 다시 사려다 품질 확실한 unior 것이 ",
https://clien.net/service/board/cm_car/17099766,clien.net,고민끝에 트위지 방출했습니다. : 클리앙,"사실 떠나보낸지는 한달이 좀 넘었네요. 차량 구매하면서 굴당에 실제로 타면서 느낀 점들을 공유해보고 싶었는데 게으르다보니 그렇게 많은 부분을 공유하진 못했네요. 하여, 방출기라도 끄적여봅니다..",excluded,,충전;보험,잠정 오제외,"사실 떠나보낸지는 한달이 좀 넘었네요. 차량 구매하면서 굴당에 실제로 타면서 느낀 점들을 공유해보고 싶었는데 게으르다보니 그렇게 많은 부분을 공유하진 못했네요. 하여, 방출기라도 끄적여봅니다.. 운행하면서 유쾌하지만은 않았지만 유류비를 아끼겠다는 일념으로 신차 출고하여 2년 조금 안되는 시간동안 꾸준히 출퇴근용으로 사용했었습니다. 약 8000KM정도 운행을 하는동안... 중간중간 도저히 못타겠다.. 진짜 장난감 그 이상도 그 이하도 아닌 것 같다. 차라리 트위지 값 680만원으로 중고경차(예를들면 가스 수동 스팍)을 사고 남는 돈을 깨스값으로 쓸걸.. 라는 후회도 많이 했죠. 그럼에도 트위지를 유지했던 이유는 단 하나 뿐이었습니다. 중고판매가가 아주 처참했습니다. 상사매매가가 200넘기기가 쉽지 않았어요. 680만원주고 사서 2년도 못타고 거의 500만원에 달하는 감가를 감내하기엔 그동안 추워가며 더워가며 비에 젖어가며 이 차를 타온 저의 고생이 용납이 안되더군요. 2년 조금 안되는",
https://clien.net/service/board/cm_car/18960361,clien.net,랜드로버 디팬더 스포츠 EV - 관하여 : 클리앙,New Land Rover Defender ‘Sport’ EV: What We Know The second model in the Defender family will rival Mercedes-Benz&#x27;s upcoming baby G-Class The new Land Rover maintains a familiar boxy shape simila,excluded,,충전,잠정 오제외,"New Land Rover Defender ‘Sport’ EV: What We Know The second model in the Defender family will rival Mercedes-Benz's upcoming baby G-Class - The new Land Rover maintains a familiar boxy shape similar to the Defender we love. - Spy shots reveal the new Defender’s taillights may be mounted low on the rear fascia. - The more compact SUVwill be underpinned by Jaguar Land Rover’s latest EMA platform. 랜드로버의 새로운 전기 SUV, '디펜더 스포츠 EV'가 온다 메르세데스-벤츠 ‘베이비 G 클래스’와 정면 승부할 전기 오프로더 👀 랜드로버가 또 하나의 디펜더 가족을 선보일 준비를 ",
https://clien.net/service/board/cm_dia/1201320,clien.net,트랑울이 원래 비싼가요?? : 클리앙,안녕하세요 저의 팔라가 드디어 뭔가를 주웠는데 트랑울 장갑과 갑옷 이네요 ㅎㅎ 그래서 원래 창고케였던 네크를 입혀주려 하는데 이왕이면 셋트를 맞추어서 네크를 부케로 잼있게 키워볼까하는데 장갑과 갑옷을 제외한 셋트아이템이 많이 비싼가요?아니면 혹시 많이 나오는 장소라도 ㅎㅎㅎ 조폭넥 은근 혼자하는 플레이의 외로움을 해결해주어 재미있기도 하고 ㅎㅎ %% 그런데,excluded,,,,안녕하세요 저의 팔라가 드디어 뭔가를 주웠는데 트랑울 장갑과 갑옷 이네요 ㅎㅎ 그래서 원래 창고케였던 네크를 입혀주려 하는데 이왕이면 셋트를 맞추어서 네크를 부케로 잼있게 키워볼까하는데 장갑과 갑옷을 제외한 셋트아이템이 많이 비싼가요? 아니면 혹시 많이 나오는 장소라도 ㅎㅎㅎ 조폭넥 은근 혼자하는 플레이의 외로움을 해결해주어 재미있기도 하고 ㅎㅎ %% 그런데 방이 왜이렇게 안파져요 ㅜ.ㅜ,
https://clien.net/service/board/cm_dia/16764268,clien.net,아 다들 왜 슬가 슬가 하나 싶었는데 : 클리앙,"안녕하세요. 바바 나메 액4 디아 잡고 51렙이 됐습니다. 액트 5에 도착했습니다. 시곤셋은 버렸고, 무기는 얘 쌍으로 들고 있고 뚜껑은 아직 시곤입니다. 기욤 뚜껑 쓰려고 하는데 힘이 115 가 안되서 못쓰고 있네요.",excluded,,,,"안녕하세요. 바바 나메 액4 디아 잡고 51렙이 됐습니다. 액트 5에 도착했습니다. 시곤셋은 버렸고, 무기는 얘 쌍으로 들고 있고 뚜껑은 아직 시곤입니다. 기욤 뚜껑 쓰려고 하는데 힘이 115 가 안되서 못쓰고 있네요. 105입니다. 갑옷은 배신, 장갑은 맹독손아귀, 벨트는 귀꿰미, 신발은 선혈기수, 아뮬은 고양이 눈, 반지는 칠흑서리 + 마날드입니다. 마흡은 마날드가 하고 피흡은 맹독손아귀 + 귀꿰미가 합니다. 무기에서 쌍 치명 35% 인데 70% 로 적용되는건지는 잘 모르겠고, 강타는 맹독손아귀 장갑에서 5%, 선혈기수에서 15% 입니다. 기욤 뚜껑 끼면 35% 가 추가되겠죠. 여튼 얼른 시곤 뚜껑 벗고 기욤 써야쥐!!! 생각하고 있었는데 문득 그냥 슬가가 생각났습니다. 다들 바바하면 슬가 슬가 하던데, 그게 뭔데 그러지? 하면서 검색해 봤습니다. 아니 이거 개 사기 템 아닙니까? 전체 스킬 +2 에, 전투 기술은 추가로 +2 에 패힛 30% 에, 명중률 20% 보너스에 피흡 4",
https://clien.net/service/board/cm_iphonien/11450609,clien.net,투패 배대지 출고완료됐는데 이제 어디서 트래킹 해야하나요? : 클리앙,배대지 직구가 처음이다 보니 자꾸 질문만 하게 됩니다. ㅠ 아이폰X 오늘새벽 배대지 입고 후 아침 일찍 배송료 결제하니 바로 출고완료 처리 됐더라구요. 어제까진 UPS 통해서 다 봤는데 우체국 택배 송장번호만 달랑 ...,excluded,,,,배대지 직구가 처음이다 보니 자꾸 질문만 하게 됩니다. ㅠ 아이폰X 오늘새벽 배대지 입고 후 아침 일찍 배송료 결제하니 바로 출고완료 처리 됐더라구요. 어제까진 UPS 통해서 다 봤는데 우체국 택배 송장번호만 달랑 기재되어있는거 같더라구요. 이제 비행기편이나 관세 및 통관 추적이나 언제오는지 등등 어디에서 확인 해야하나요?,
https://clien.net/service/board/cm_iphonien/15991684,clien.net,신한 SIM타입 체크카드(후불교통) 받았습니다.jpg : 클리앙,계속 터치결제 글만 쓰고있네요... ㅎㅎ 방금전에 카드 배송원분 통해서 신한 SIM타입 체크카드(후불교통) 받았습니다. 맨날 나노심만 보다가 이 사이즈 심카드를 보니 뭔가 상당히 어색합니다. 심 빼고 남은 카드만 쓸 수 있나 ...,excluded,,,,"계속 터치결제 글만 쓰고있네요... ㅎㅎ 방금전에 카드 배송원분 통해서 신한 SIM타입 체크카드(후불교통) 받았습니다. 맨날 나노심만 보다가 이 사이즈 심카드를 보니 뭔가 상당히 어색합니다. 심 빼고 남은 카드만 쓸 수 있나 싶었는데, 마그네틱 사용불가라고 적혀있네요. 빼서 케이스에 넣는 형태이고 딸깍 하면서 들어가는 형태입니다. (한번 더 눌러주면 튀어나오는 형태) 꼽았는데 살짝 기울어서 좀 불안불안 하긴 합니다만, 뭐 이상 없겠지요 ㅎ 다만 교통카드 쓸 일이 없는데 어디서 테스트를 해야하나 싶네요... 지하철이든 어디든 가서 한번 써봐야겠습니다. 화면만 켜져있음 인식 가능하다니까 좋네요 ㅋ",
https://clien.net/service/board/cm_iphonien/17579286,clien.net,(빠른애플페이기원) 월렛 한번 올려봅니다 : 클리앙,일본 거주중입니다. 현재 애플페이로 사용중인 카드가 들어있는 월렛 스샷 한번 올려봅니다! 먼저 위에서부터 첫 번째 카드는 세븐일레븐 등에서 사용 가능한 나나코입니다. 다만 페이페이 등의 바코드 결제를 많이 써서 ...,excluded,,,,일본 거주중입니다. 현재 애플페이로 사용중인 카드가 들어있는 월렛 스샷 한번 올려봅니다! 먼저 위에서부터 첫 번째 카드는 세븐일레븐 등에서 사용 가능한 나나코입니다. 다만 페이페이 등의 바코드 결제를 많이 써서 거의 사용하지 않네요. 두 번째는 라인페이랑 연동되는 라인페이 비자 프리페이드 카드입니다. 세 번째는 미츠비시 UFJ은행의 체크카드입니다. 체크카드는 애플페이 등록 가능한 카드가 거의 JCB만 되더라구요. 네 번째는 여러분들도 잘 아시는 교통카드 스이카입니다. 다만 주로 애플워치로 교통카드 쓰는데 애플워치에 파스모와 스이카가 들어가 있습니다. 다섯 번째는 JCB ANA(항공사) 카드입니다. 마일리지 잘 모인다고 쓰고 있는데 코로나 때문에 해외 갈일이 없어서 연회비가 아까워지고 있습니다. 다만 생활비는 거의 이걸로 결제하고 있네요. 여섯 번째는 아마존 마스터 카드입니다. 생활비를 제외하고 주력으로 사용하고 있네요. 사용하면 아마존 포인트가 쌓입니다. 마지막은 폰타 포인트 카드입,
https://clien.net/service/board/cm_iphonien/17631741,clien.net,[14프맥] 신한 pLay 앱 인증 오류 [해결] : 클리앙,"14프로맥스 직구로 기기 변경하고 금융관련 앱 중에서 유독 신한pLay 앱만 기기인증을 위한 문자발송을 하고나면 인증번호가 와야되는데, 인증번호 수신이 전혀 안됩니다. 저만 그런건지 앱 자체의 문제인지 알수가 없네요...;; ==============================본문 내용 추가 =========================== 댓글 내용 중",excluded,,,,"14프로맥스 직구로 기기 변경하고 금융관련 앱 중에서 유독 신한pLay 앱만 기기인증을 위한 문자발송을 하고나면 인증번호가 와야되는데, 인증번호 수신이 전혀 안됩니다. 저만 그런건지 앱 자체의 문제인지 알수가 없네요...;; ==============================본문 내용 추가 =========================== 댓글 내용 중 jayK917 님의 조언대로 수신차단 리스트에 신한카드 1544-7000 번이 등록된것이 원인이었습니다. 잘 해결하였습니다. jayK917 님께 감사 말씀 드립니다. ^^",
https://clien.net/service/board/cm_iphonien/18750081,clien.net,ios18인데 마이애플월렛이 안되네요 : 클리앙,사이트는 정상적으로 돌아가는 듯한데 ios18로 올려서인지 패스를 추가할 수 없다고 뜨네요 사파리 크롬 등 브라우저 바꿔서 해봐도요 ㅎㅎ 책이음 서비스 쓰면서 패스에 넣어서 쓰면 좋겠다는 생각에 오래간만에 해봤는데 ...,excluded,,,,사이트는 정상적으로 돌아가는 듯한데 ios18로 올려서인지 패스를 추가할 수 없다고 뜨네요 사파리 크롬 등 브라우저 바꿔서 해봐도요 ㅎㅎ 책이음 서비스 쓰면서 패스에 넣어서 쓰면 좋겠다는 생각에 오래간만에 해봤는데 아쉽네요 /Vollago,
https://clien.net/service/board/cm_iphonien/18937424,clien.net,신한 터치월렛 교통카드 이식 어렵지 않네요 : 클리앙,아세톤으로 나라사랑카드를 녹이고 IC칩을 부착했습니다. 칩과 연결된 구리선은 손으로 뜯었어요. 처음에는 IC칩이 너무 커서 접점이랑 잘 안맞길래 가위로 조금 잘랐습니다. 정말 성의없어 보이는데 잘 작동되네요..하하 ...,excluded,,,,아세톤으로 나라사랑카드를 녹이고 IC칩을 부착했습니다. 칩과 연결된 구리선은 손으로 뜯었어요. 처음에는 IC칩이 너무 커서 접점이랑 잘 안맞길래 가위로 조금 잘랐습니다. 정말 성의없어 보이는데 잘 작동되네요..하하 빨리 티머니가 나와줘야 이런 뻘짓을 안할텐데요 ㅠ,
https://clien.net/service/board/cm_iphonien/18940426,clien.net,챗지피티.. 사람 차별 하나… : 클리앙,오늘 단톡방에서 이런걸 봄.. 오~~~ 나도 해봐야지.. 하고 시킴.. 근데 결과물은… 그래서 그림체도 다르고 한글도 아니니 다시 해달라고 함.. 이상하다 싶어.. “이성” 기능을 켜고 다시 해달라고 함.. 이 정도면..,excluded,,,,오늘 단톡방에서 이런걸 봄.. 오~~~ 나도 해봐야지.. 하고 시킴.. 근데 결과물은… 그래서 그림체도 다르고 한글도 아니니 다시 해달라고 함.. 이상하다 싶어.. “이성” 기능을 켜고 다시 해달라고 함.. 이 정도면.. 이 자식이 나 무료버전이라고 차별하는거 맞죠?,
https://clien.net/service/board/cm_iphonien/19172439,clien.net,토스 애플페이가 가능해지면 어떤점이 더 나아지는걸까요? : 클리앙,토스가 발급하는 카드에 대해서만 가능해지죠.,excluded,,,,"그냥 단순히 현대카드 처럼 그냥 토스 이름 달고나오는 토스 발급 카드들을 애플페이에서 쓸수있는건지, 아니면 혹시 토스페이에 등록된 타사의 카드들까지 쓸수있게 되는건지.. 설마 이건 아니죠?",
https://clien.net/service/board/cm_iphonien/8373015,clien.net,미국 스타벅스앱으로 국내 사용 가능한가요? : 클리앙,미국 스타벅스 앱으로 국내 카드 등록하고 애플워치에서 QR코드 보여줘서 인식하고 결제까지 가능한지 궁금합니다.,excluded,,,,미국 스타벅스 앱으로 국내 카드 등록하고 애플워치에서 QR코드 보여줘서 인식하고 결제까지 가능한지 궁금합니다. 애플워치에서 QR코드 보여줘서 인식하고 결제까지 가능한지 궁금합니다.,
https://clien.net/service/board/cm_lego/7800231,clien.net,아마존에서 두개를 따로 주문했는데 오더넘버가 하나로 묶였네요. 그런데 트래킹 넘버는 두개네요 : 클리앙,안녕하세요 아마존에서 만번대 두개를 주문했는데 시간차를 두고 하나씩 주문했거든요 그런데 오더넘버가 하나로 되었더라구요. 그런데 트래킹 넘버는 두개... 그래서 일단 배대지에는 따로 등록을 해 두었습니다.,excluded,,,,"안녕하세요 아마존에서 만번대 두개를 주문했는데 시간차를 두고 하나씩 주문했거든요 그런데 오더넘버가 하나로 되었더라구요. 그런데 트래킹 넘버는 두개... 그래서 일단 배대지에는 따로 등록을 해 두었습니다. 이런 경우 겪으신 분 있나요? 부가세를 내게 될지.. 모르겠네요 ^^; -------------------------------------------------------------------------------------------------- 수정 --- 제가 글을 이상하게 썼나봐요 같은 제품을 원클릭으로 두 번 주문했고, 오더넘버가 하나로 묶였길래 취소 하기도 아깝고 해서 그냥 받기로 결정했는데 배송을 나눠서 보내줬습니다. 그래서 트래킹 번호가 두개인거구요 ^^; 지금 두개가 따로 오고 있는 상황이구요. 아마존에서 만번대 두개를 주문했는데 시간차를 두고 하나씩 주문했거든요 그런데 오더넘버가 하나로 되었더라구요. 그런데 트래킹 넘버는 두개... 그래서 일단 배대지에는 따로 등록",
https://clien.net/service/board/cm_oversea/16930877,clien.net,북미) 데이팅앱들 경험썰 : 클리앙,**아주 개인적인 경험이라서 일반화도 할수 없고 어떤 이야기는 다소 지엽적으로 느껴질수 있습니다. 미국에서 솔로탈출은 어려운것 같습니다. 가장 쉬운 방법은 잘생긴 얼굴로 다시 태어나는 방법인것 같습니다.,excluded,,,,**아주 개인적인 경험이라서 일반화도 할수 없고 어떤 이야기는 다소 지엽적으로 느껴질수 있습니다. 미국에서 솔로탈출은 어려운것 같습니다. 가장 쉬운 방법은 잘생긴 얼굴로 다시 태어나는 방법인것 같습니다. 사람을 만나려고 노력해도 연결되지 않는 상황에서 느껴지는 공허함에 데이팅앱을 하나 둘 그리고 셋 다운받아서 사용해봤습니다. 1. 틴더 자세한 설명은 생략하겠습니다. 잘못된 앱을 사용하고 있다는 것을 깨닫고 삭제했습니다. 나는누구? 여긴어디? 2. 범블 틴더와 방식이 비슷하지만 더 건전 (?)합니다. 범블로 연결이 되어서 몇번 이야기는 나누어봤지만 안녕하세요? 이후 대화가 연결되지 않습니다. 매칭이 되었다고 해도 여성분들이 24시간 안에 먼저 말을 걸어야 대화가 가능합니다. 대부분 말을 안걸어서 매칭이 날아가는데 제가 볼땐 봇이거나 실수로 좋아요 넘길을 한 경우인거 같습니다. 범블에서 의도적으로 하는지는 모르겠지만 누군가 저를 찜했다는 알림이 오면서 궁금증을 자아내게하고 결국 구독결제,
https://clien.net/service/board/cm_stock,clien.net,클리앙 : 주식한당,커뮤니티 커뮤니티전체 C 모두의광장 F 모두의공원 I 사진게시판 Q 아무거나질문 D 정보와자료 N 새로운소식 T 유용한사이트 P 자료실 E 강좌/사용기 L 팁과강좌 U 사용기 · 체험단사용기 W 사고팔고 J 알뜰구매 S 회원중고장터 ...,excluded,,,,"안전한 서비스 이용을 위해 이메일 인증을 완료해 주세요. 현재 회원님은 이메일 인증이 완료되지 않은 상태입니다. 최근 급증하는 해킹 및 도용 시도로부터 계정을 보호하기 위해 인증 절차가 강화되었습니다. - 이메일 미인증 시 글쓰기, 댓글 작성 등 게시판 활동이 제한됩니다. - 이후 새로운 기기에서 로그인할 때마다 반드시 이메일 인증을 거쳐야 합니다. - 2단계 인증 사용 회원도 최초 1회는 반드시 인증하여야 합니다. - 개인정보에서도 이메일 인증을 할 수 있습니다. 지금 이메일 인증하기",
https://clien.net/service/board/cm_stock/18759344,clien.net,퇴직연금 DC 이신 분들 : 클리앙,안전자산 30프로 주로 뭐 사시나요 ? 그나마 나스닥 비율 좋다는 TDF 시리즈 샀는데도 나스닥100 40프로 수익일동안 겨우 10프로 수익 낫더군요. 제대로 추종은 하나 의문입니다. 최대한 에센피나 나스닥을 제대로 추종하는 ...,excluded,,,,안전자산 30프로 주로 뭐 사시나요 ? 그나마 나스닥 비율 좋다는 TDF 시리즈 샀는데도 나스닥100 40프로 수익일동안 겨우 10프로 수익 낫더군요. 제대로 추종은 하나 의문입니다. 최대한 에센피나 나스닥을 제대로 추종하는 안전30은 뭐가 있을까요? 그나마 나스닥 비율 좋다는 TDF 시리즈 샀는데도 나스닥100 40프로 수익일동안 겨우 10프로 수익 낫더군요. 제대로 추종은 하나 의문입니다. 최대한 에센피나 나스닥을 제대로 추종하는 안전30은 뭐가 있을까요?,
https://clien.net/service/board/cm_vcoin,clien.net,클리앙 : 가상화폐당,커뮤니티 커뮤니티전체 C 모두의광장 F 모두의공원 I 사진게시판 Q 아무거나질문 D 정보와자료 N 새로운소식 T 유용한사이트 P 자료실 E 강좌/사용기 L 팁과강좌 U 사용기 · 체험단사용기 W 사고팔고 J 알뜰구매 S 회원중고장터 ...,excluded,,,,"안전한 서비스 이용을 위해 이메일 인증을 완료해 주세요. 현재 회원님은 이메일 인증이 완료되지 않은 상태입니다. 최근 급증하는 해킹 및 도용 시도로부터 계정을 보호하기 위해 인증 절차가 강화되었습니다. - 이메일 미인증 시 글쓰기, 댓글 작성 등 게시판 활동이 제한됩니다. - 이후 새로운 기기에서 로그인할 때마다 반드시 이메일 인증을 거쳐야 합니다. - 2단계 인증 사용 회원도 최초 1회는 반드시 인증하여야 합니다. - 개인정보에서도 이메일 인증을 할 수 있습니다. 지금 이메일 인증하기",
